file_idx,label,wave_idx,type,loop,rate,samples,warn,wav_name
106,arc_se_stay,0,2,1,22064,25433,,arc_se_stay_w00
106,arc_se_stay,1,2,1,22058,31385,,arc_se_stay_w01
106,arc_se_stay,2,2,0,44100,3537,,arc_se_stay_w02
106,arc_se_stay,3,1,0,22050,5860,,arc_se_stay_w03
106,arc_se_stay,4,2,1,44100,33873,,arc_se_stay_w04
106,arc_se_stay,5,2,1,44109,38313,,arc_se_stay_w05
106,arc_se_stay,6,2,0,22050,5217,,arc_se_stay_w06
106,arc_se_stay,7,2,0,22050,3121,,arc_se_stay_w07
106,arc_se_stay,8,2,1,22062,14145,,arc_se_stay_w08
106,arc_se_stay,9,2,1,22385,2393,,arc_se_stay_w09
106,arc_se_stay,10,2,0,22050,6201,,arc_se_stay_w10
106,arc_se_stay,11,2,1,44108,14441,,arc_se_stay_w11
106,arc_se_stay,12,2,0,22050,2241,,arc_se_stay_w12
106,arc_se_stay,13,2,0,22050,1905,,arc_se_stay_w13
106,arc_se_stay,14,2,1,22213,4433,,arc_se_stay_w14
106,arc_se_stay,15,2,0,22050,5545,,arc_se_stay_w15
106,arc_se_stay,16,2,0,22050,9681,,arc_se_stay_w16
106,arc_se_stay,17,2,0,22050,15673,,arc_se_stay_w17
106,arc_se_stay,18,2,0,44100,2489,,arc_se_stay_w18
106,arc_se_stay,19,2,0,22050,6761,,arc_se_stay_w19
107,arc_se000,0,2,0,44100,2081,,arc_se000_w00
107,arc_se000,1,2,0,44100,19505,,arc_se000_w01
107,arc_se000,2,2,0,44100,13689,,arc_se000_w02
108,arc_se001,0,2,0,44100,5145,,arc_se001_w00
108,arc_se001,1,2,0,44100,23665,,arc_se001_w01
108,arc_se001,2,2,0,44100,6569,,arc_se001_w02
108,arc_se001,3,2,0,44100,38201,,arc_se001_w03
109,arc_se002,0,2,1,44100,42417,,arc_se002_w00
109,arc_se002,1,2,1,44158,46777,,arc_se002_w01
109,arc_se002,2,2,1,44118,40609,,arc_se002_w02
110,arc_se003,0,2,0,44100,10193,,arc_se003_w00
110,arc_se003,1,2,0,44100,36641,,arc_se003_w01
110,arc_se003,2,2,0,44100,31233,,arc_se003_w02
111,arc_se004,0,2,0,44100,14073,,arc_se004_w00
111,arc_se004,1,2,0,44100,21305,,arc_se004_w01
111,arc_se004,2,2,0,44100,7065,,arc_se004_w02
112,arc_se005,0,2,0,44100,33697,,arc_se005_w00
112,arc_se005,1,2,0,44100,7665,,arc_se005_w01
112,arc_se005,2,2,0,44100,4889,,arc_se005_w02
112,arc_se005,3,2,0,44100,29545,,arc_se005_w03
112,arc_se005,4,2,0,44100,5417,,arc_se005_w04
113,arc_se006,0,2,0,44100,26545,,arc_se006_w00
113,arc_se006,1,2,0,44100,36609,,arc_se006_w01
113,arc_se006,2,2,0,44100,21801,,arc_se006_w02
114,arc_se007,0,2,0,44100,4825,,arc_se007_w00
114,arc_se007,1,2,0,44100,6105,,arc_se007_w01
115,arc_se008,0,2,0,44100,61617,,arc_se008_w00
115,arc_se008,1,2,0,44100,59033,,arc_se008_w01
115,arc_se008,2,2,0,44100,3849,,arc_se008_w02
116,arc_se009,0,2,0,44100,24905,,arc_se009_w00
116,arc_se009,1,2,0,44100,10129,,arc_se009_w01
116,arc_se009,2,2,0,44100,3457,,arc_se009_w02
117,arc_se010,0,2,0,44100,6737,,arc_se010_w00
117,arc_se010,1,2,0,44100,31185,,arc_se010_w01
117,arc_se010,2,2,0,44100,7505,,arc_se010_w02
118,arc_se011,0,2,0,44100,21145,,arc_se011_w00
118,arc_se011,1,2,0,44100,18233,,arc_se011_w01
118,arc_se011,2,2,0,44100,22065,,arc_se011_w02
118,arc_se011,3,2,0,44100,12817,,arc_se011_w03
119,arc_se012,0,2,0,44100,15473,,arc_se012_w00
119,arc_se012,1,2,0,44100,23889,,arc_se012_w01
120,arc_se013,0,2,0,44100,1313,,arc_se013_w00
120,arc_se013,1,2,0,21024,361,,arc_se013_w01
120,arc_se013,2,2,0,44100,1561,,arc_se013_w02
121,arc_se014,0,2,0,44100,6993,,arc_se014_w00
121,arc_se014,1,2,0,44100,4169,,arc_se014_w01
121,arc_se014,2,2,0,44100,3817,,arc_se014_w02
122,arc_se015,0,2,0,44100,3537,,arc_se015_w00
122,arc_se015,1,1,0,44100,13240,,arc_se015_w01
122,arc_se015,2,1,0,44100,18266,,arc_se015_w02
122,arc_se015,3,2,0,44100,3849,,arc_se015_w03
123,arc_se016,0,2,0,44100,13105,,arc_se016_w00
123,arc_se016,1,2,0,44100,6161,,arc_se016_w01
123,arc_se016,2,2,0,44100,6625,,arc_se016_w02
124,arc_se017,0,2,0,44100,22785,,arc_se017_w00
124,arc_se017,1,2,0,44100,20377,,arc_se017_w01
124,arc_se017,2,2,0,44100,6497,,arc_se017_w02
125,arc_se018,0,2,0,44100,30145,,arc_se018_w00
125,arc_se018,1,2,0,44100,25273,,arc_se018_w01
125,arc_se018,2,2,0,44100,15105,,arc_se018_w02
126,arc_se019,0,2,0,44100,21633,,arc_se019_w00
126,arc_se019,1,2,0,44100,6185,,arc_se019_w01
126,arc_se019,2,2,0,44100,11993,,arc_se019_w02
127,arc_se020,0,2,0,44100,5553,,arc_se020_w00
127,arc_se020,1,2,0,44100,7681,,arc_se020_w01
128,arc_se021,0,2,0,44100,7217,,arc_se021_w00
128,arc_se021,1,2,0,44100,6593,,arc_se021_w01
128,arc_se021,2,2,0,44100,1561,,arc_se021_w02
129,arc_se022,0,2,0,44100,4313,,arc_se022_w00
129,arc_se022,1,2,0,44100,3593,,arc_se022_w01
129,arc_se022,2,2,0,44100,3529,,arc_se022_w02
130,arc_se_edit,0,2,1,22063,11697,,arc_se_edit_w00
130,arc_se_edit,1,2,0,22050,705,,arc_se_edit_w01
130,arc_se_edit,2,2,0,22050,1889,,arc_se_edit_w02
130,arc_se_edit,3,2,0,22050,5873,,arc_se_edit_w03
130,arc_se_edit,4,2,0,22050,4929,,arc_se_edit_w04
130,arc_se_edit,5,2,0,22050,5761,,arc_se_edit_w05
130,arc_se_edit,6,2,0,22050,1145,,arc_se_edit_w06
130,arc_se_edit,7,2,0,22050,1761,,arc_se_edit_w07
130,arc_se_edit,8,2,0,22050,1977,,arc_se_edit_w08
130,arc_se_edit,9,2,0,22050,4513,,arc_se_edit_w09
130,arc_se_edit,10,0,1,22056,6764,,arc_se_edit_w10
130,arc_se_edit,11,2,1,22056,27089,,arc_se_edit_w11
130,arc_se_edit,12,2,0,44100,3473,,arc_se_edit_w12
130,arc_se_edit,13,2,0,22050,5217,,arc_se_edit_w13
131,arc_se023,0,2,0,44100,14777,,arc_se023_w00
133,arc_se024,0,2,0,22050,1145,,arc_se024_w00
133,arc_se024,1,2,0,44100,16009,,arc_se024_w01
133,arc_se024,2,2,0,44100,11657,,arc_se024_w02
133,arc_se024,3,2,0,44100,6937,,arc_se024_w03
133,arc_se024,4,2,0,44100,3473,,arc_se024_w04
133,arc_se024,5,2,0,44100,5737,,arc_se024_w05
136,title_ARC,0,2,1,22053,19529,,title_ARC_w00
136,title_ARC,1,2,1,22056,14377,,title_ARC_w01
136,title_ARC,2,2,1,22061,10785,,title_ARC_w02
136,title_ARC,3,2,1,22059,9689,,title_ARC_w03
136,title_ARC,4,2,0,22050,3089,,title_ARC_w04
136,title_ARC,5,2,0,22050,3313,,title_ARC_w05
136,title_ARC,6,2,1,22063,9937,,title_ARC_w06
136,title_ARC,7,2,1,22073,8673,,title_ARC_w07
136,title_ARC,8,2,1,22121,7417,,title_ARC_w08
136,title_ARC,9,2,1,22109,4593,,title_ARC_w09
136,title_ARC,10,2,1,22050,20481,,title_ARC_w10
136,title_ARC,11,2,1,22058,19569,,title_ARC_w11
136,title_ARC,12,2,0,22050,1473,,title_ARC_w12
136,title_ARC,13,2,0,22050,1785,,title_ARC_w13
136,title_ARC,14,2,0,22050,10713,,title_ARC_w14
136,title_ARC,15,2,1,22119,27625,,title_ARC_w15
136,title_ARC,16,2,1,22050,6201,,title_ARC_w16
136,title_ARC,17,2,1,22076,4825,,title_ARC_w17
136,title_ARC,18,2,1,22050,6041,,title_ARC_w18
136,title_ARC,19,2,1,22092,32985,,title_ARC_w19
136,title_ARC,20,2,1,22079,11825,,title_ARC_w20
136,title_ARC,21,2,1,22147,17113,,title_ARC_w21
136,title_ARC,22,2,1,22122,15113,,title_ARC_w22
136,title_ARC,23,2,1,22050,15769,,title_ARC_w23
136,title_ARC,24,2,1,22159,13921,,title_ARC_w24
136,title_ARC,25,2,1,22185,13073,,title_ARC_w25
136,title_ARC,26,2,1,22060,13121,,title_ARC_w26
136,title_ARC,27,2,1,22050,7065,,title_ARC_w27
136,title_ARC,28,2,1,22126,5065,,title_ARC_w28
136,title_ARC,29,2,0,22050,2441,,title_ARC_w29
136,title_ARC,30,2,0,22050,4601,,title_ARC_w30
136,title_ARC,31,2,0,22050,6001,,title_ARC_w31
136,title_ARC,32,2,0,22050,8177,,title_ARC_w32
136,title_ARC,33,2,1,22070,20209,,title_ARC_w33
136,title_ARC,34,2,1,22050,17921,,title_ARC_w34
136,title_ARC,35,2,0,22050,7449,,title_ARC_w35
136,title_ARC,36,2,0,22050,7233,,title_ARC_w36
137,stage_jazz_ARC,0,2,1,22079,11937,,stage_jazz_ARC_w00
137,stage_jazz_ARC,1,2,1,22091,12537,,stage_jazz_ARC_w01
137,stage_jazz_ARC,2,2,1,22063,11697,,stage_jazz_ARC_w02
137,stage_jazz_ARC,3,2,0,22050,4561,,stage_jazz_ARC_w03
137,stage_jazz_ARC,4,2,1,22110,17649,,stage_jazz_ARC_w04
137,stage_jazz_ARC,5,2,0,22050,1593,,stage_jazz_ARC_w05
137,stage_jazz_ARC,6,2,0,22050,8753,,stage_jazz_ARC_w06
137,stage_jazz_ARC,7,2,0,22050,4001,,stage_jazz_ARC_w07
137,stage_jazz_ARC,8,2,1,22051,31617,,stage_jazz_ARC_w08
137,stage_jazz_ARC,9,2,1,22054,21577,,stage_jazz_ARC_w09
137,stage_jazz_ARC,10,2,1,22087,11073,,stage_jazz_ARC_w10
137,stage_jazz_ARC,11,2,1,22103,10105,,stage_jazz_ARC_w11
137,stage_jazz_ARC,12,2,1,22053,19529,,stage_jazz_ARC_w12
137,stage_jazz_ARC,13,2,1,22056,14377,,stage_jazz_ARC_w13
137,stage_jazz_ARC,14,2,1,22061,10785,,stage_jazz_ARC_w14
137,stage_jazz_ARC,15,2,1,22059,9689,,stage_jazz_ARC_w15
137,stage_jazz_ARC,16,2,1,22228,2665,,stage_jazz_ARC_w16
137,stage_jazz_ARC,17,2,0,22050,3089,,stage_jazz_ARC_w17
137,stage_jazz_ARC,18,2,0,22050,3313,,stage_jazz_ARC_w18
137,stage_jazz_ARC,19,2,1,22073,8673,,stage_jazz_ARC_w19
137,stage_jazz_ARC,20,2,1,22121,7417,,stage_jazz_ARC_w20
137,stage_jazz_ARC,21,2,1,22109,4593,,stage_jazz_ARC_w21
137,stage_jazz_ARC,22,2,0,22050,5833,,stage_jazz_ARC_w22
137,stage_jazz_ARC,23,2,1,22089,4065,,stage_jazz_ARC_w23
137,stage_jazz_ARC,24,2,1,22085,3657,,stage_jazz_ARC_w24
137,stage_jazz_ARC,25,2,1,22063,2809,,stage_jazz_ARC_w25
137,stage_jazz_ARC,26,2,1,22102,4433,,stage_jazz_ARC_w26
137,stage_jazz_ARC,27,2,0,22050,1473,,stage_jazz_ARC_w27
137,stage_jazz_ARC,28,2,0,22050,13329,,stage_jazz_ARC_w28
137,stage_jazz_ARC,29,2,0,22050,4193,,stage_jazz_ARC_w29
137,stage_jazz_ARC,30,2,1,22119,27625,,stage_jazz_ARC_w30
137,stage_jazz_ARC,31,2,0,22050,6433,,stage_jazz_ARC_w31
137,stage_jazz_ARC,32,2,1,22114,17561,,stage_jazz_ARC_w32
137,stage_jazz_ARC,33,2,1,22092,32985,,stage_jazz_ARC_w33
137,stage_jazz_ARC,34,2,0,22050,8569,,stage_jazz_ARC_w34
137,stage_jazz_ARC,35,2,0,22050,13209,,stage_jazz_ARC_w35
137,stage_jazz_ARC,36,2,1,22079,11825,,stage_jazz_ARC_w36
137,stage_jazz_ARC,37,2,1,22147,17113,,stage_jazz_ARC_w37
137,stage_jazz_ARC,38,2,1,22122,15113,,stage_jazz_ARC_w38
137,stage_jazz_ARC,39,2,1,22050,15769,,stage_jazz_ARC_w39
137,stage_jazz_ARC,40,2,1,22159,13921,,stage_jazz_ARC_w40
137,stage_jazz_ARC,41,2,1,22185,13073,,stage_jazz_ARC_w41
137,stage_jazz_ARC,42,2,0,22050,2441,,stage_jazz_ARC_w42
137,stage_jazz_ARC,43,2,0,22050,4601,,stage_jazz_ARC_w43
137,stage_jazz_ARC,44,2,0,22050,7449,,stage_jazz_ARC_w44
137,stage_jazz_ARC,45,2,0,22050,7233,,stage_jazz_ARC_w45
137,stage_jazz_ARC,46,2,1,22083,17377,,stage_jazz_ARC_w46
137,stage_jazz_ARC,47,2,1,22071,10337,,stage_jazz_ARC_w47
137,stage_jazz_ARC,48,2,1,22050,9097,,stage_jazz_ARC_w48
137,stage_jazz_ARC,49,2,1,22088,8169,,stage_jazz_ARC_w49
137,stage_jazz_ARC,50,2,1,22070,7289,,stage_jazz_ARC_w50
138,stage_waltz_ARC,0,2,0,22050,585,,stage_waltz_ARC_w00
138,stage_waltz_ARC,1,2,1,22066,19801,,stage_waltz_ARC_w01
138,stage_waltz_ARC,2,2,1,22089,4065,,stage_waltz_ARC_w02
138,stage_waltz_ARC,3,2,1,22085,3657,,stage_waltz_ARC_w03
138,stage_waltz_ARC,4,2,1,22063,2809,,stage_waltz_ARC_w04
138,stage_waltz_ARC,5,2,1,22089,6633,,stage_waltz_ARC_w05
138,stage_waltz_ARC,6,2,1,22107,4769,,stage_waltz_ARC_w06
138,stage_waltz_ARC,7,2,1,22091,4617,,stage_waltz_ARC_w07
138,stage_waltz_ARC,8,2,1,22329,3625,,stage_waltz_ARC_w08
138,stage_waltz_ARC,9,2,1,22050,19761,,stage_waltz_ARC_w09
138,stage_waltz_ARC,10,2,1,22050,16841,,stage_waltz_ARC_w10
138,stage_waltz_ARC,11,2,1,22050,12905,,stage_waltz_ARC_w11
138,stage_waltz_ARC,12,2,1,22164,7801,,stage_waltz_ARC_w12
138,stage_waltz_ARC,13,2,1,22098,4729,,stage_waltz_ARC_w13
138,stage_waltz_ARC,14,2,1,22329,3121,,stage_waltz_ARC_w14
138,stage_waltz_ARC,15,2,1,22635,2753,,stage_waltz_ARC_w15
138,stage_waltz_ARC,16,2,1,22050,4785,,stage_waltz_ARC_w16
138,stage_waltz_ARC,17,2,0,22050,10385,,stage_waltz_ARC_w17
138,stage_waltz_ARC,18,2,1,22074,9769,,stage_waltz_ARC_w18
138,stage_waltz_ARC,19,2,1,22080,8945,,stage_waltz_ARC_w19
138,stage_waltz_ARC,20,2,1,22061,8465,,stage_waltz_ARC_w20
138,stage_waltz_ARC,21,2,1,22053,19905,,stage_waltz_ARC_w21
138,stage_waltz_ARC,22,2,1,22057,19705,,stage_waltz_ARC_w22
138,stage_waltz_ARC,23,2,1,22053,20953,,stage_waltz_ARC_w23
138,stage_waltz_ARC,24,2,1,22050,19905,,stage_waltz_ARC_w24
138,stage_waltz_ARC,25,2,1,45328,25,,stage_waltz_ARC_w25
138,stage_waltz_ARC,26,2,1,22116,7793,,stage_waltz_ARC_w26
138,stage_waltz_ARC,27,2,1,22083,17377,,stage_waltz_ARC_w27
138,stage_waltz_ARC,28,2,1,22071,10337,,stage_waltz_ARC_w28
139,stage_bossanova_ARC,0,2,1,22079,11937,,stage_bossanova_ARC_w00
139,stage_bossanova_ARC,1,2,1,22091,12537,,stage_bossanova_ARC_w01
139,stage_bossanova_ARC,2,2,1,22063,11697,,stage_bossanova_ARC_w02
139,stage_bossanova_ARC,3,2,0,22050,4561,,stage_bossanova_ARC_w03
139,stage_bossanova_ARC,4,2,1,22110,17649,,stage_bossanova_ARC_w04
139,stage_bossanova_ARC,5,2,0,22050,1593,,stage_bossanova_ARC_w05
139,stage_bossanova_ARC,6,2,0,22050,8753,,stage_bossanova_ARC_w06
139,stage_bossanova_ARC,7,2,0,22050,4001,,stage_bossanova_ARC_w07
139,stage_bossanova_ARC,8,2,1,22228,2665,,stage_bossanova_ARC_w08
139,stage_bossanova_ARC,9,2,0,22050,3089,,stage_bossanova_ARC_w09
139,stage_bossanova_ARC,10,2,0,22050,3313,,stage_bossanova_ARC_w10
139,stage_bossanova_ARC,11,2,1,22063,9937,,stage_bossanova_ARC_w11
139,stage_bossanova_ARC,12,2,1,22073,8673,,stage_bossanova_ARC_w12
139,stage_bossanova_ARC,13,2,1,22121,7417,,stage_bossanova_ARC_w13
139,stage_bossanova_ARC,14,2,1,22109,4593,,stage_bossanova_ARC_w14
139,stage_bossanova_ARC,15,2,0,22050,5833,,stage_bossanova_ARC_w15
139,stage_bossanova_ARC,16,2,1,22089,4065,,stage_bossanova_ARC_w16
139,stage_bossanova_ARC,17,2,1,22085,3657,,stage_bossanova_ARC_w17
139,stage_bossanova_ARC,18,2,1,22063,2809,,stage_bossanova_ARC_w18
139,stage_bossanova_ARC,19,2,0,22050,1473,,stage_bossanova_ARC_w19
139,stage_bossanova_ARC,20,2,0,22050,13329,,stage_bossanova_ARC_w20
139,stage_bossanova_ARC,21,2,0,22050,4193,,stage_bossanova_ARC_w21
139,stage_bossanova_ARC,22,2,1,22119,27625,,stage_bossanova_ARC_w22
139,stage_bossanova_ARC,23,2,0,22050,6433,,stage_bossanova_ARC_w23
139,stage_bossanova_ARC,24,2,1,22114,17561,,stage_bossanova_ARC_w24
139,stage_bossanova_ARC,25,2,1,22050,6201,,stage_bossanova_ARC_w25
139,stage_bossanova_ARC,26,2,1,22076,4825,,stage_bossanova_ARC_w26
139,stage_bossanova_ARC,27,2,1,22050,6041,,stage_bossanova_ARC_w27
139,stage_bossanova_ARC,28,2,1,22092,32985,,stage_bossanova_ARC_w28
139,stage_bossanova_ARC,29,2,0,22050,8569,,stage_bossanova_ARC_w29
139,stage_bossanova_ARC,30,2,0,22050,13209,,stage_bossanova_ARC_w30
139,stage_bossanova_ARC,31,2,1,22079,11825,,stage_bossanova_ARC_w31
139,stage_bossanova_ARC,32,2,1,22147,17113,,stage_bossanova_ARC_w32
139,stage_bossanova_ARC,33,2,1,22122,15113,,stage_bossanova_ARC_w33
139,stage_bossanova_ARC,34,2,1,22050,15769,,stage_bossanova_ARC_w34
139,stage_bossanova_ARC,35,2,1,22159,13921,,stage_bossanova_ARC_w35
139,stage_bossanova_ARC,36,2,1,22185,13073,,stage_bossanova_ARC_w36
139,stage_bossanova_ARC,37,2,1,22056,27089,,stage_bossanova_ARC_w37
139,stage_bossanova_ARC,38,2,1,22052,35977,,stage_bossanova_ARC_w38
139,stage_bossanova_ARC,39,2,0,22050,6729,,stage_bossanova_ARC_w39
139,stage_bossanova_ARC,40,2,0,22050,2441,,stage_bossanova_ARC_w40
139,stage_bossanova_ARC,41,2,0,22050,4601,,stage_bossanova_ARC_w41
139,stage_bossanova_ARC,42,2,1,44137,12761,,stage_bossanova_ARC_w42
139,stage_bossanova_ARC,43,2,1,44130,9265,,stage_bossanova_ARC_w43
139,stage_bossanova_ARC,44,2,0,22050,3169,,stage_bossanova_ARC_w44
139,stage_bossanova_ARC,45,2,1,22070,20209,,stage_bossanova_ARC_w45
139,stage_bossanova_ARC,46,2,1,22050,17921,,stage_bossanova_ARC_w46
139,stage_bossanova_ARC,47,2,0,22050,7449,,stage_bossanova_ARC_w47
139,stage_bossanova_ARC,48,2,0,22050,7233,,stage_bossanova_ARC_w48
139,stage_bossanova_ARC,49,2,1,22071,10337,,stage_bossanova_ARC_w49
140,stage_musette_ARC,0,2,1,22062,17209,,stage_musette_ARC_w00
140,stage_musette_ARC,1,2,1,22056,13857,,stage_musette_ARC_w01
140,stage_musette_ARC,2,2,1,22077,11585,,stage_musette_ARC_w02
140,stage_musette_ARC,3,2,1,22067,9545,,stage_musette_ARC_w03
140,stage_musette_ARC,4,2,0,22050,585,,stage_musette_ARC_w04
140,stage_musette_ARC,5,2,1,22066,19801,,stage_musette_ARC_w05
140,stage_musette_ARC,6,2,0,22050,7513,,stage_musette_ARC_w06
140,stage_musette_ARC,7,2,0,22050,4713,,stage_musette_ARC_w07
140,stage_musette_ARC,8,2,1,22050,4785,,stage_musette_ARC_w08
140,stage_musette_ARC,9,2,1,22076,7793,,stage_musette_ARC_w09
140,stage_musette_ARC,10,2,1,45328,25,,stage_musette_ARC_w10
140,stage_musette_ARC,11,2,1,22116,7793,,stage_musette_ARC_w11
140,stage_musette_ARC,12,2,1,22083,17377,,stage_musette_ARC_w12
140,stage_musette_ARC,13,2,1,22071,10337,,stage_musette_ARC_w13
141,stage_musicbox_ARC,0,2,1,22050,19105,,stage_musicbox_ARC_w00
141,stage_musicbox_ARC,1,2,1,22050,14561,,stage_musicbox_ARC_w01
141,stage_musicbox_ARC,2,2,1,22102,10601,,stage_musicbox_ARC_w02
142,stage_raggae_ARC,0,2,1,22079,11937,,stage_raggae_ARC_w00
142,stage_raggae_ARC,1,2,1,22091,12537,,stage_raggae_ARC_w01
142,stage_raggae_ARC,2,2,1,22063,11697,,stage_raggae_ARC_w02
142,stage_raggae_ARC,3,2,0,22050,4561,,stage_raggae_ARC_w03
142,stage_raggae_ARC,4,2,1,22110,17649,,stage_raggae_ARC_w04
142,stage_raggae_ARC,5,2,0,22050,1593,,stage_raggae_ARC_w05
142,stage_raggae_ARC,6,2,0,22050,8753,,stage_raggae_ARC_w06
142,stage_raggae_ARC,7,2,0,22050,4001,,stage_raggae_ARC_w07
142,stage_raggae_ARC,8,2,1,22228,2665,,stage_raggae_ARC_w08
142,stage_raggae_ARC,9,2,0,22050,3089,,stage_raggae_ARC_w09
142,stage_raggae_ARC,10,2,0,22050,3313,,stage_raggae_ARC_w10
142,stage_raggae_ARC,11,2,1,22073,8673,,stage_raggae_ARC_w11
142,stage_raggae_ARC,12,2,1,22121,7417,,stage_raggae_ARC_w12
142,stage_raggae_ARC,13,2,1,22109,4593,,stage_raggae_ARC_w13
142,stage_raggae_ARC,14,2,0,22050,1473,,stage_raggae_ARC_w14
142,stage_raggae_ARC,15,2,0,22050,1785,,stage_raggae_ARC_w15
142,stage_raggae_ARC,16,2,0,22050,10713,,stage_raggae_ARC_w16
142,stage_raggae_ARC,17,2,1,22119,27625,,stage_raggae_ARC_w17
142,stage_raggae_ARC,18,2,1,22050,6201,,stage_raggae_ARC_w18
142,stage_raggae_ARC,19,2,1,22076,4825,,stage_raggae_ARC_w19
142,stage_raggae_ARC,20,2,1,22050,6041,,stage_raggae_ARC_w20
142,stage_raggae_ARC,21,2,1,22092,32985,,stage_raggae_ARC_w21
142,stage_raggae_ARC,22,2,0,22050,8569,,stage_raggae_ARC_w22
142,stage_raggae_ARC,23,2,1,22079,11825,,stage_raggae_ARC_w23
142,stage_raggae_ARC,24,2,1,22147,17113,,stage_raggae_ARC_w24
142,stage_raggae_ARC,25,2,1,22122,15113,,stage_raggae_ARC_w25
142,stage_raggae_ARC,26,2,1,22050,15769,,stage_raggae_ARC_w26
142,stage_raggae_ARC,27,2,1,22159,13921,,stage_raggae_ARC_w27
142,stage_raggae_ARC,28,2,1,22185,13073,,stage_raggae_ARC_w28
142,stage_raggae_ARC,29,2,0,22050,2441,,stage_raggae_ARC_w29
142,stage_raggae_ARC,30,2,0,22050,4601,,stage_raggae_ARC_w30
142,stage_raggae_ARC,31,2,1,22088,8401,,stage_raggae_ARC_w31
142,stage_raggae_ARC,32,2,1,22087,9977,,stage_raggae_ARC_w32
142,stage_raggae_ARC,33,2,1,22055,18081,,stage_raggae_ARC_w33
142,stage_raggae_ARC,34,2,1,22060,16593,,stage_raggae_ARC_w34
142,stage_raggae_ARC,35,2,1,22066,20841,,stage_raggae_ARC_w35
142,stage_raggae_ARC,36,2,1,22086,24793,,stage_raggae_ARC_w36
142,stage_raggae_ARC,37,2,0,22050,6001,,stage_raggae_ARC_w37
142,stage_raggae_ARC,38,2,0,22050,8177,,stage_raggae_ARC_w38
142,stage_raggae_ARC,39,2,0,22050,43081,,stage_raggae_ARC_w39
142,stage_raggae_ARC,40,2,0,22050,46649,,stage_raggae_ARC_w40
142,stage_raggae_ARC,41,2,0,22050,43873,,stage_raggae_ARC_w41
142,stage_raggae_ARC,42,2,0,22050,3817,,stage_raggae_ARC_w42
142,stage_raggae_ARC,43,2,0,22050,7449,,stage_raggae_ARC_w43
142,stage_raggae_ARC,44,2,0,22050,7233,,stage_raggae_ARC_w44
143,stage_rock_ARC,0,2,1,22079,11937,,stage_rock_ARC_w00
143,stage_rock_ARC,1,2,1,22091,12537,,stage_rock_ARC_w01
143,stage_rock_ARC,2,2,1,22063,11697,,stage_rock_ARC_w02
143,stage_rock_ARC,3,2,0,22050,4561,,stage_rock_ARC_w03
143,stage_rock_ARC,4,2,1,22110,17649,,stage_rock_ARC_w04
143,stage_rock_ARC,5,2,0,22050,1593,,stage_rock_ARC_w05
143,stage_rock_ARC,6,2,0,22050,8753,,stage_rock_ARC_w06
143,stage_rock_ARC,7,2,0,22050,4001,,stage_rock_ARC_w07
143,stage_rock_ARC,8,2,1,22051,31617,,stage_rock_ARC_w08
143,stage_rock_ARC,9,2,1,22054,21577,,stage_rock_ARC_w09
143,stage_rock_ARC,10,2,1,22087,11073,,stage_rock_ARC_w10
143,stage_rock_ARC,11,2,1,22103,10105,,stage_rock_ARC_w11
143,stage_rock_ARC,12,2,1,22053,19529,,stage_rock_ARC_w12
143,stage_rock_ARC,13,2,1,22056,14377,,stage_rock_ARC_w13
143,stage_rock_ARC,14,2,1,22061,10785,,stage_rock_ARC_w14
143,stage_rock_ARC,15,2,1,22059,9689,,stage_rock_ARC_w15
143,stage_rock_ARC,16,2,1,22228,2665,,stage_rock_ARC_w16
143,stage_rock_ARC,17,2,0,22050,3089,,stage_rock_ARC_w17
143,stage_rock_ARC,18,2,0,22050,3313,,stage_rock_ARC_w18
143,stage_rock_ARC,19,2,1,22164,25169,,stage_rock_ARC_w19
143,stage_rock_ARC,20,2,1,22073,8673,,stage_rock_ARC_w20
143,stage_rock_ARC,21,2,1,22121,7417,,stage_rock_ARC_w21
143,stage_rock_ARC,22,2,1,22109,4593,,stage_rock_ARC_w22
143,stage_rock_ARC,23,2,1,22074,37065,,stage_rock_ARC_w23
143,stage_rock_ARC,24,2,0,22050,1473,,stage_rock_ARC_w24
143,stage_rock_ARC,25,2,0,22050,1785,,stage_rock_ARC_w25
143,stage_rock_ARC,26,2,0,22050,10713,,stage_rock_ARC_w26
143,stage_rock_ARC,27,2,1,22119,27625,,stage_rock_ARC_w27
143,stage_rock_ARC,28,2,1,22050,6201,,stage_rock_ARC_w28
143,stage_rock_ARC,29,2,1,22076,4825,,stage_rock_ARC_w29
143,stage_rock_ARC,30,2,1,22050,6041,,stage_rock_ARC_w30
143,stage_rock_ARC,31,2,1,22092,32985,,stage_rock_ARC_w31
143,stage_rock_ARC,32,2,0,22050,8569,,stage_rock_ARC_w32
143,stage_rock_ARC,33,2,1,22079,11825,,stage_rock_ARC_w33
143,stage_rock_ARC,34,2,1,22147,17113,,stage_rock_ARC_w34
143,stage_rock_ARC,35,2,1,22122,15113,,stage_rock_ARC_w35
143,stage_rock_ARC,36,2,1,22050,15769,,stage_rock_ARC_w36
143,stage_rock_ARC,37,2,1,22159,13921,,stage_rock_ARC_w37
143,stage_rock_ARC,38,2,1,22185,13073,,stage_rock_ARC_w38
143,stage_rock_ARC,39,2,0,22050,2441,,stage_rock_ARC_w39
143,stage_rock_ARC,40,2,0,22050,4601,,stage_rock_ARC_w40
143,stage_rock_ARC,41,2,0,22050,6001,,stage_rock_ARC_w41
143,stage_rock_ARC,42,2,0,22050,8177,,stage_rock_ARC_w42
143,stage_rock_ARC,43,2,1,22070,20209,,stage_rock_ARC_w43
143,stage_rock_ARC,44,2,1,22050,17921,,stage_rock_ARC_w44
143,stage_rock_ARC,45,2,0,22050,3817,,stage_rock_ARC_w45
143,stage_rock_ARC,46,2,0,22050,7449,,stage_rock_ARC_w46
143,stage_rock_ARC,47,2,0,22050,7233,,stage_rock_ARC_w47
144,stage_house_ARC,0,2,1,22079,11937,,stage_house_ARC_w00
144,stage_house_ARC,1,2,1,22091,12537,,stage_house_ARC_w01
144,stage_house_ARC,2,2,1,22063,11697,,stage_house_ARC_w02
144,stage_house_ARC,3,2,0,22050,4561,,stage_house_ARC_w03
144,stage_house_ARC,4,2,1,22110,17649,,stage_house_ARC_w04
144,stage_house_ARC,5,2,0,22050,1593,,stage_house_ARC_w05
144,stage_house_ARC,6,2,0,22050,8753,,stage_house_ARC_w06
144,stage_house_ARC,7,2,0,22050,4001,,stage_house_ARC_w07
144,stage_house_ARC,8,2,1,22053,19529,,stage_house_ARC_w08
144,stage_house_ARC,9,2,1,22056,14377,,stage_house_ARC_w09
144,stage_house_ARC,10,2,1,22061,10785,,stage_house_ARC_w10
144,stage_house_ARC,11,2,1,22059,9689,,stage_house_ARC_w11
144,stage_house_ARC,12,2,1,22228,2665,,stage_house_ARC_w12
144,stage_house_ARC,13,2,0,22050,3089,,stage_house_ARC_w13
144,stage_house_ARC,14,2,0,22050,3313,,stage_house_ARC_w14
144,stage_house_ARC,15,2,1,22063,9937,,stage_house_ARC_w15
144,stage_house_ARC,16,2,1,22073,8673,,stage_house_ARC_w16
144,stage_house_ARC,17,2,1,22121,7417,,stage_house_ARC_w17
144,stage_house_ARC,18,2,1,22109,4593,,stage_house_ARC_w18
144,stage_house_ARC,19,2,0,22050,1473,,stage_house_ARC_w19
144,stage_house_ARC,20,2,0,22050,7185,,stage_house_ARC_w20
144,stage_house_ARC,21,2,0,22050,12233,,stage_house_ARC_w21
144,stage_house_ARC,22,2,0,22050,18721,,stage_house_ARC_w22
144,stage_house_ARC,23,2,0,22050,1785,,stage_house_ARC_w23
144,stage_house_ARC,24,2,0,22050,10713,,stage_house_ARC_w24
144,stage_house_ARC,25,2,0,22050,44209,,stage_house_ARC_w25
144,stage_house_ARC,26,2,1,22109,21729,,stage_house_ARC_w26
144,stage_house_ARC,27,2,0,22050,7289,,stage_house_ARC_w27
144,stage_house_ARC,28,2,0,22050,15409,,stage_house_ARC_w28
144,stage_house_ARC,29,2,0,22050,14801,,stage_house_ARC_w29
144,stage_house_ARC,30,2,0,22050,15137,,stage_house_ARC_w30
144,stage_house_ARC,31,2,0,22050,14313,,stage_house_ARC_w31
144,stage_house_ARC,32,2,0,22050,13649,,stage_house_ARC_w32
144,stage_house_ARC,33,2,0,22050,12897,,stage_house_ARC_w33
144,stage_house_ARC,34,2,0,22050,2441,,stage_house_ARC_w34
144,stage_house_ARC,35,2,0,22050,4601,,stage_house_ARC_w35
144,stage_house_ARC,36,2,1,22088,8401,,stage_house_ARC_w36
144,stage_house_ARC,37,2,1,22087,9977,,stage_house_ARC_w37
144,stage_house_ARC,38,2,1,22068,62945,,stage_house_ARC_w38
144,stage_house_ARC,39,2,1,22053,19905,,stage_house_ARC_w39
144,stage_house_ARC,40,2,1,22057,19705,,stage_house_ARC_w40
144,stage_house_ARC,41,2,1,22053,20953,,stage_house_ARC_w41
144,stage_house_ARC,42,2,1,22050,19905,,stage_house_ARC_w42
144,stage_house_ARC,43,2,0,22050,3817,,stage_house_ARC_w43
144,stage_house_ARC,44,2,0,22050,7449,,stage_house_ARC_w44
144,stage_house_ARC,45,2,0,22050,7233,,stage_house_ARC_w45
144,stage_house_ARC,46,2,1,22050,9097,,stage_house_ARC_w46
144,stage_house_ARC,47,2,1,22088,8169,,stage_house_ARC_w47
144,stage_house_ARC,48,2,1,22070,7289,,stage_house_ARC_w48
145,how_to_play_ARC,0,2,1,22079,11937,,how_to_play_ARC_w00
145,how_to_play_ARC,1,2,1,22091,12537,,how_to_play_ARC_w01
145,how_to_play_ARC,2,2,1,22063,11697,,how_to_play_ARC_w02
145,how_to_play_ARC,3,2,0,22050,3089,,how_to_play_ARC_w03
145,how_to_play_ARC,4,2,0,22050,3313,,how_to_play_ARC_w04
145,how_to_play_ARC,5,2,1,22063,9937,,how_to_play_ARC_w05
145,how_to_play_ARC,6,2,1,22073,8673,,how_to_play_ARC_w06
145,how_to_play_ARC,7,2,1,22121,7417,,how_to_play_ARC_w07
145,how_to_play_ARC,8,2,1,22109,4593,,how_to_play_ARC_w08
145,how_to_play_ARC,9,2,0,22050,1473,,how_to_play_ARC_w09
145,how_to_play_ARC,10,2,0,22050,7185,,how_to_play_ARC_w10
145,how_to_play_ARC,11,2,0,22050,12233,,how_to_play_ARC_w11
145,how_to_play_ARC,12,2,0,22050,18721,,how_to_play_ARC_w12
145,how_to_play_ARC,13,2,0,22050,1785,,how_to_play_ARC_w13
145,how_to_play_ARC,14,2,0,22050,10713,,how_to_play_ARC_w14
145,how_to_play_ARC,15,2,0,22050,44209,,how_to_play_ARC_w15
145,how_to_play_ARC,16,2,1,22109,21729,,how_to_play_ARC_w16
145,how_to_play_ARC,17,2,0,22050,7289,,how_to_play_ARC_w17
145,how_to_play_ARC,18,2,0,22050,15409,,how_to_play_ARC_w18
145,how_to_play_ARC,19,2,0,22050,14801,,how_to_play_ARC_w19
145,how_to_play_ARC,20,2,0,22050,15137,,how_to_play_ARC_w20
145,how_to_play_ARC,21,2,0,22050,14313,,how_to_play_ARC_w21
145,how_to_play_ARC,22,2,0,22050,13649,,how_to_play_ARC_w22
145,how_to_play_ARC,23,2,0,22050,12897,,how_to_play_ARC_w23
145,how_to_play_ARC,24,2,0,22050,2441,,how_to_play_ARC_w24
145,how_to_play_ARC,25,2,0,22050,4601,,how_to_play_ARC_w25
145,how_to_play_ARC,26,2,1,22050,8161,,how_to_play_ARC_w26
145,how_to_play_ARC,27,2,1,22070,5081,,how_to_play_ARC_w27
145,how_to_play_ARC,28,2,1,22064,2777,,how_to_play_ARC_w28
145,how_to_play_ARC,29,2,1,22070,20209,,how_to_play_ARC_w29
145,how_to_play_ARC,30,2,1,22050,17921,,how_to_play_ARC_w30
145,how_to_play_ARC,31,2,0,22050,3817,,how_to_play_ARC_w31
145,how_to_play_ARC,32,2,0,22050,7449,,how_to_play_ARC_w32
145,how_to_play_ARC,33,2,0,22050,7233,,how_to_play_ARC_w33
145,how_to_play_ARC,34,2,1,22083,17377,,how_to_play_ARC_w34
145,how_to_play_ARC,35,2,1,22071,10337,,how_to_play_ARC_w35
146,SMB_arr1_ARC,0,2,1,22079,11937,,SMB_arr1_ARC_w00
146,SMB_arr1_ARC,1,2,1,22091,12537,,SMB_arr1_ARC_w01
146,SMB_arr1_ARC,2,2,1,22063,11697,,SMB_arr1_ARC_w02
146,SMB_arr1_ARC,3,2,1,22059,23817,,SMB_arr1_ARC_w03
146,SMB_arr1_ARC,4,2,1,22061,22873,,SMB_arr1_ARC_w04
146,SMB_arr1_ARC,5,2,0,22050,4561,,SMB_arr1_ARC_w05
146,SMB_arr1_ARC,6,2,0,22050,5233,,SMB_arr1_ARC_w06
146,SMB_arr1_ARC,7,2,1,22110,17649,,SMB_arr1_ARC_w07
146,SMB_arr1_ARC,8,2,0,22050,1593,,SMB_arr1_ARC_w08
146,SMB_arr1_ARC,9,2,0,22050,8753,,SMB_arr1_ARC_w09
146,SMB_arr1_ARC,10,2,1,22050,18449,,SMB_arr1_ARC_w10
146,SMB_arr1_ARC,11,2,0,22050,34121,,SMB_arr1_ARC_w11
146,SMB_arr1_ARC,12,2,0,22050,3681,,SMB_arr1_ARC_w12
146,SMB_arr1_ARC,13,2,0,22050,4001,,SMB_arr1_ARC_w13
146,SMB_arr1_ARC,14,2,0,22050,2849,,SMB_arr1_ARC_w14
146,SMB_arr1_ARC,15,2,0,22050,2849,,SMB_arr1_ARC_w15
146,SMB_arr1_ARC,16,2,0,22050,2705,,SMB_arr1_ARC_w16
146,SMB_arr1_ARC,17,2,0,22050,2769,,SMB_arr1_ARC_w17
146,SMB_arr1_ARC,18,2,0,22050,2585,,SMB_arr1_ARC_w18
146,SMB_arr1_ARC,19,2,1,22051,31617,,SMB_arr1_ARC_w19
146,SMB_arr1_ARC,20,2,1,22054,21577,,SMB_arr1_ARC_w20
146,SMB_arr1_ARC,21,2,1,22087,11073,,SMB_arr1_ARC_w21
146,SMB_arr1_ARC,22,2,1,22103,10105,,SMB_arr1_ARC_w22
146,SMB_arr1_ARC,23,2,1,22228,2665,,SMB_arr1_ARC_w23
146,SMB_arr1_ARC,24,2,0,22050,3089,,SMB_arr1_ARC_w24
146,SMB_arr1_ARC,25,2,0,22050,3313,,SMB_arr1_ARC_w25
146,SMB_arr1_ARC,26,2,1,22073,8673,,SMB_arr1_ARC_w26
146,SMB_arr1_ARC,27,2,1,22121,7417,,SMB_arr1_ARC_w27
146,SMB_arr1_ARC,28,2,1,22109,4593,,SMB_arr1_ARC_w28
146,SMB_arr1_ARC,29,2,0,22050,5833,,SMB_arr1_ARC_w29
146,SMB_arr1_ARC,30,2,0,22050,1473,,SMB_arr1_ARC_w30
146,SMB_arr1_ARC,31,2,0,22050,2441,,SMB_arr1_ARC_w31
146,SMB_arr1_ARC,32,2,0,22050,4601,,SMB_arr1_ARC_w32
146,SMB_arr1_ARC,33,2,1,22122,2473,,SMB_arr1_ARC_w33
146,SMB_arr1_ARC,34,2,1,22058,3985,,SMB_arr1_ARC_w34
146,SMB_arr1_ARC,35,2,1,44137,12761,,SMB_arr1_ARC_w35
146,SMB_arr1_ARC,36,2,1,44130,9265,,SMB_arr1_ARC_w36
146,SMB_arr1_ARC,37,2,1,22071,22905,,SMB_arr1_ARC_w37
146,SMB_arr1_ARC,38,2,1,22076,23409,,SMB_arr1_ARC_w38
146,SMB_arr1_ARC,39,2,1,22063,23801,,SMB_arr1_ARC_w39
146,SMB_arr1_ARC,40,2,1,22050,22689,,SMB_arr1_ARC_w40
146,SMB_arr1_ARC,41,2,0,22050,7449,,SMB_arr1_ARC_w41
146,SMB_arr1_ARC,42,2,0,22050,7233,,SMB_arr1_ARC_w42
146,SMB_arr1_ARC,43,2,1,22071,10337,,SMB_arr1_ARC_w43
146,SMB_arr1_ARC,44,2,1,22050,9097,,SMB_arr1_ARC_w44
146,SMB_arr1_ARC,45,2,1,22088,8169,,SMB_arr1_ARC_w45
146,SMB_arr1_ARC,46,2,1,22070,7289,,SMB_arr1_ARC_w46
147,SMB_arr2_ARC,0,2,1,22079,11937,,SMB_arr2_ARC_w00
147,SMB_arr2_ARC,1,2,1,22091,12537,,SMB_arr2_ARC_w01
147,SMB_arr2_ARC,2,2,1,22063,11697,,SMB_arr2_ARC_w02
147,SMB_arr2_ARC,3,2,0,22050,4561,,SMB_arr2_ARC_w03
147,SMB_arr2_ARC,4,2,0,22050,5233,,SMB_arr2_ARC_w04
147,SMB_arr2_ARC,5,2,1,22110,17649,,SMB_arr2_ARC_w05
147,SMB_arr2_ARC,6,2,0,22050,1593,,SMB_arr2_ARC_w06
147,SMB_arr2_ARC,7,2,0,22050,8753,,SMB_arr2_ARC_w07
147,SMB_arr2_ARC,8,2,1,22050,18449,,SMB_arr2_ARC_w08
147,SMB_arr2_ARC,9,2,0,22050,34121,,SMB_arr2_ARC_w09
147,SMB_arr2_ARC,10,2,0,22050,3681,,SMB_arr2_ARC_w10
147,SMB_arr2_ARC,11,2,0,22050,4001,,SMB_arr2_ARC_w11
147,SMB_arr2_ARC,12,2,0,22050,2889,,SMB_arr2_ARC_w12
147,SMB_arr2_ARC,13,2,0,22050,2849,,SMB_arr2_ARC_w13
147,SMB_arr2_ARC,14,2,0,22050,2849,,SMB_arr2_ARC_w14
147,SMB_arr2_ARC,15,2,0,22050,2705,,SMB_arr2_ARC_w15
147,SMB_arr2_ARC,16,2,0,22050,2769,,SMB_arr2_ARC_w16
147,SMB_arr2_ARC,17,2,0,22050,2585,,SMB_arr2_ARC_w17
147,SMB_arr2_ARC,18,2,1,22051,31617,,SMB_arr2_ARC_w18
147,SMB_arr2_ARC,19,2,1,22054,21577,,SMB_arr2_ARC_w19
147,SMB_arr2_ARC,20,2,1,22087,11073,,SMB_arr2_ARC_w20
147,SMB_arr2_ARC,21,2,1,22103,10105,,SMB_arr2_ARC_w21
147,SMB_arr2_ARC,22,2,1,22228,2665,,SMB_arr2_ARC_w22
147,SMB_arr2_ARC,23,2,0,22050,3089,,SMB_arr2_ARC_w23
147,SMB_arr2_ARC,24,2,0,22050,3313,,SMB_arr2_ARC_w24
147,SMB_arr2_ARC,25,2,1,22073,8673,,SMB_arr2_ARC_w25
147,SMB_arr2_ARC,26,2,1,22121,7417,,SMB_arr2_ARC_w26
147,SMB_arr2_ARC,27,2,1,22109,4593,,SMB_arr2_ARC_w27
147,SMB_arr2_ARC,28,2,0,22050,5833,,SMB_arr2_ARC_w28
147,SMB_arr2_ARC,29,2,0,22050,1473,,SMB_arr2_ARC_w29
147,SMB_arr2_ARC,30,2,1,22050,6201,,SMB_arr2_ARC_w30
147,SMB_arr2_ARC,31,2,1,22076,4825,,SMB_arr2_ARC_w31
147,SMB_arr2_ARC,32,2,1,22050,6041,,SMB_arr2_ARC_w32
147,SMB_arr2_ARC,33,2,0,22050,2441,,SMB_arr2_ARC_w33
147,SMB_arr2_ARC,34,2,0,22050,4601,,SMB_arr2_ARC_w34
147,SMB_arr2_ARC,35,2,1,22070,20209,,SMB_arr2_ARC_w35
147,SMB_arr2_ARC,36,2,1,22050,17921,,SMB_arr2_ARC_w36
147,SMB_arr2_ARC,37,2,0,22050,7449,,SMB_arr2_ARC_w37
147,SMB_arr2_ARC,38,2,0,22050,7233,,SMB_arr2_ARC_w38
147,SMB_arr2_ARC,39,2,1,22050,9097,,SMB_arr2_ARC_w39
147,SMB_arr2_ARC,40,2,1,22088,8169,,SMB_arr2_ARC_w40
147,SMB_arr2_ARC,41,2,1,22070,7289,,SMB_arr2_ARC_w41
148,game_clear_ARC,0,2,1,22079,11937,,game_clear_ARC_w00
148,game_clear_ARC,1,2,1,22091,12537,,game_clear_ARC_w01
148,game_clear_ARC,2,2,1,22063,11697,,game_clear_ARC_w02
148,game_clear_ARC,3,2,0,22050,4561,,game_clear_ARC_w03
148,game_clear_ARC,4,2,1,22110,17649,,game_clear_ARC_w04
148,game_clear_ARC,5,2,0,22050,1593,,game_clear_ARC_w05
148,game_clear_ARC,6,2,0,22050,8753,,game_clear_ARC_w06
148,game_clear_ARC,7,2,0,22050,4001,,game_clear_ARC_w07
149,SFC_copy1_ARC,0,2,1,22079,11937,,SFC_copy1_ARC_w00
149,SFC_copy1_ARC,1,2,1,22091,12537,,SFC_copy1_ARC_w01
149,SFC_copy1_ARC,2,2,1,22063,11697,,SFC_copy1_ARC_w02
149,SFC_copy1_ARC,3,2,0,22050,4561,,SFC_copy1_ARC_w03
149,SFC_copy1_ARC,4,2,1,22110,17649,,SFC_copy1_ARC_w04
149,SFC_copy1_ARC,5,2,0,22050,1593,,SFC_copy1_ARC_w05
149,SFC_copy1_ARC,6,2,0,22050,8753,,SFC_copy1_ARC_w06
149,SFC_copy1_ARC,7,2,0,22050,4001,,SFC_copy1_ARC_w07
149,SFC_copy1_ARC,8,2,1,22228,2665,,SFC_copy1_ARC_w08
149,SFC_copy1_ARC,9,2,0,22050,3089,,SFC_copy1_ARC_w09
149,SFC_copy1_ARC,10,2,0,22050,3313,,SFC_copy1_ARC_w10
149,SFC_copy1_ARC,11,2,1,22073,8673,,SFC_copy1_ARC_w11
149,SFC_copy1_ARC,12,2,1,22121,7417,,SFC_copy1_ARC_w12
149,SFC_copy1_ARC,13,2,1,22109,4593,,SFC_copy1_ARC_w13
149,SFC_copy1_ARC,14,2,0,22050,1473,,SFC_copy1_ARC_w14
149,SFC_copy1_ARC,15,2,1,22053,12801,,SFC_copy1_ARC_w15
149,SFC_copy1_ARC,16,2,1,22087,11185,,SFC_copy1_ARC_w16
149,SFC_copy1_ARC,17,2,0,22050,1785,,SFC_copy1_ARC_w17
149,SFC_copy1_ARC,18,2,0,22050,10713,,SFC_copy1_ARC_w18
149,SFC_copy1_ARC,19,2,1,22119,27625,,SFC_copy1_ARC_w19
149,SFC_copy1_ARC,20,2,1,22092,32985,,SFC_copy1_ARC_w20
149,SFC_copy1_ARC,21,2,1,22079,11825,,SFC_copy1_ARC_w21
149,SFC_copy1_ARC,22,2,1,22147,17113,,SFC_copy1_ARC_w22
149,SFC_copy1_ARC,23,2,1,22122,15113,,SFC_copy1_ARC_w23
149,SFC_copy1_ARC,24,2,1,22050,15769,,SFC_copy1_ARC_w24
149,SFC_copy1_ARC,25,2,1,22159,13921,,SFC_copy1_ARC_w25
149,SFC_copy1_ARC,26,2,1,22185,13073,,SFC_copy1_ARC_w26
149,SFC_copy1_ARC,27,2,0,22050,2441,,SFC_copy1_ARC_w27
149,SFC_copy1_ARC,28,2,0,22050,4601,,SFC_copy1_ARC_w28
149,SFC_copy1_ARC,29,2,1,22050,8161,,SFC_copy1_ARC_w29
149,SFC_copy1_ARC,30,2,1,22070,5081,,SFC_copy1_ARC_w30
149,SFC_copy1_ARC,31,2,1,22064,2777,,SFC_copy1_ARC_w31
149,SFC_copy1_ARC,32,2,0,22050,6001,,SFC_copy1_ARC_w32
149,SFC_copy1_ARC,33,2,0,22050,8177,,SFC_copy1_ARC_w33
149,SFC_copy1_ARC,34,2,0,22050,7449,,SFC_copy1_ARC_w34
149,SFC_copy1_ARC,35,2,0,22050,7233,,SFC_copy1_ARC_w35
149,SFC_copy1_ARC,36,2,1,22091,7825,,SFC_copy1_ARC_w36
149,SFC_copy1_ARC,37,2,1,22055,10305,,SFC_copy1_ARC_w37
149,SFC_copy1_ARC,38,2,1,22071,6185,,SFC_copy1_ARC_w38
149,SFC_copy1_ARC,39,2,1,22083,17377,,SFC_copy1_ARC_w39
149,SFC_copy1_ARC,40,2,1,22071,10337,,SFC_copy1_ARC_w40
150,SFC_copy2_ARC,0,2,1,22079,11937,,SFC_copy2_ARC_w00
150,SFC_copy2_ARC,1,2,1,22091,12537,,SFC_copy2_ARC_w01
150,SFC_copy2_ARC,2,2,1,22063,11697,,SFC_copy2_ARC_w02
150,SFC_copy2_ARC,3,2,0,22050,4561,,SFC_copy2_ARC_w03
150,SFC_copy2_ARC,4,2,1,22110,17649,,SFC_copy2_ARC_w04
150,SFC_copy2_ARC,5,2,0,22050,1593,,SFC_copy2_ARC_w05
150,SFC_copy2_ARC,6,2,0,22050,8753,,SFC_copy2_ARC_w06
150,SFC_copy2_ARC,7,2,0,22050,4001,,SFC_copy2_ARC_w07
150,SFC_copy2_ARC,8,2,1,22228,2665,,SFC_copy2_ARC_w08
150,SFC_copy2_ARC,9,2,1,22050,13993,,SFC_copy2_ARC_w09
150,SFC_copy2_ARC,10,2,1,22070,10297,,SFC_copy2_ARC_w10
150,SFC_copy2_ARC,11,2,0,22050,3089,,SFC_copy2_ARC_w11
150,SFC_copy2_ARC,12,2,0,22050,3313,,SFC_copy2_ARC_w12
150,SFC_copy2_ARC,13,2,1,22073,8673,,SFC_copy2_ARC_w13
150,SFC_copy2_ARC,14,2,1,22121,7417,,SFC_copy2_ARC_w14
150,SFC_copy2_ARC,15,2,1,22109,4593,,SFC_copy2_ARC_w15
150,SFC_copy2_ARC,16,2,1,22057,35993,,SFC_copy2_ARC_w16
150,SFC_copy2_ARC,17,2,1,22059,30761,,SFC_copy2_ARC_w17
150,SFC_copy2_ARC,18,2,1,22061,37169,,SFC_copy2_ARC_w18
150,SFC_copy2_ARC,19,2,1,22050,20481,,SFC_copy2_ARC_w19
150,SFC_copy2_ARC,20,2,1,22058,19569,,SFC_copy2_ARC_w20
150,SFC_copy2_ARC,21,2,1,22067,33113,,SFC_copy2_ARC_w21
150,SFC_copy2_ARC,22,2,0,22050,1473,,SFC_copy2_ARC_w22
150,SFC_copy2_ARC,23,2,0,22050,1785,,SFC_copy2_ARC_w23
150,SFC_copy2_ARC,24,2,0,22050,10713,,SFC_copy2_ARC_w24
150,SFC_copy2_ARC,25,2,1,22119,27625,,SFC_copy2_ARC_w25
150,SFC_copy2_ARC,26,2,1,22092,32985,,SFC_copy2_ARC_w26
150,SFC_copy2_ARC,27,2,1,22079,11825,,SFC_copy2_ARC_w27
150,SFC_copy2_ARC,28,2,1,22147,17113,,SFC_copy2_ARC_w28
150,SFC_copy2_ARC,29,2,1,22122,15113,,SFC_copy2_ARC_w29
150,SFC_copy2_ARC,30,2,1,22050,15769,,SFC_copy2_ARC_w30
150,SFC_copy2_ARC,31,2,1,22159,13921,,SFC_copy2_ARC_w31
150,SFC_copy2_ARC,32,2,1,22185,13073,,SFC_copy2_ARC_w32
150,SFC_copy2_ARC,33,2,0,22050,2441,,SFC_copy2_ARC_w33
150,SFC_copy2_ARC,34,2,0,22050,4601,,SFC_copy2_ARC_w34
150,SFC_copy2_ARC,35,2,1,22050,8161,,SFC_copy2_ARC_w35
150,SFC_copy2_ARC,36,2,1,22070,5081,,SFC_copy2_ARC_w36
150,SFC_copy2_ARC,37,2,1,22064,2777,,SFC_copy2_ARC_w37
150,SFC_copy2_ARC,38,2,1,22080,8473,,SFC_copy2_ARC_w38
150,SFC_copy2_ARC,39,2,1,22154,8329,,SFC_copy2_ARC_w39
150,SFC_copy2_ARC,40,2,0,22050,6001,,SFC_copy2_ARC_w40
150,SFC_copy2_ARC,41,2,0,22050,8177,,SFC_copy2_ARC_w41
150,SFC_copy2_ARC,42,2,0,22050,7449,,SFC_copy2_ARC_w42
150,SFC_copy2_ARC,43,2,0,22050,7233,,SFC_copy2_ARC_w43
150,SFC_copy2_ARC,44,2,0,22050,10121,,SFC_copy2_ARC_w44
150,SFC_copy2_ARC,45,2,0,22050,3409,,SFC_copy2_ARC_w45
151,SFC_copy3_ARC,0,2,1,22079,11937,,SFC_copy3_ARC_w00
151,SFC_copy3_ARC,1,2,1,22091,12537,,SFC_copy3_ARC_w01
151,SFC_copy3_ARC,2,2,1,22063,11697,,SFC_copy3_ARC_w02
151,SFC_copy3_ARC,3,2,0,22050,4561,,SFC_copy3_ARC_w03
151,SFC_copy3_ARC,4,2,0,22050,5233,,SFC_copy3_ARC_w04
151,SFC_copy3_ARC,5,2,1,22110,17649,,SFC_copy3_ARC_w05
151,SFC_copy3_ARC,6,2,0,22050,1593,,SFC_copy3_ARC_w06
151,SFC_copy3_ARC,7,2,0,22050,8753,,SFC_copy3_ARC_w07
151,SFC_copy3_ARC,8,2,1,22050,18449,,SFC_copy3_ARC_w08
151,SFC_copy3_ARC,9,2,0,22050,34121,,SFC_copy3_ARC_w09
151,SFC_copy3_ARC,10,2,0,22050,3681,,SFC_copy3_ARC_w10
151,SFC_copy3_ARC,11,2,0,22050,4001,,SFC_copy3_ARC_w11
151,SFC_copy3_ARC,12,2,0,22050,2889,,SFC_copy3_ARC_w12
151,SFC_copy3_ARC,13,2,0,22050,2849,,SFC_copy3_ARC_w13
151,SFC_copy3_ARC,14,2,0,22050,2849,,SFC_copy3_ARC_w14
151,SFC_copy3_ARC,15,2,0,22050,2705,,SFC_copy3_ARC_w15
151,SFC_copy3_ARC,16,2,0,22050,2769,,SFC_copy3_ARC_w16
151,SFC_copy3_ARC,17,2,0,22050,2585,,SFC_copy3_ARC_w17
151,SFC_copy3_ARC,18,2,1,22228,2665,,SFC_copy3_ARC_w18
151,SFC_copy3_ARC,19,2,0,22050,3089,,SFC_copy3_ARC_w19
151,SFC_copy3_ARC,20,2,0,22050,3313,,SFC_copy3_ARC_w20
151,SFC_copy3_ARC,21,2,1,22063,9937,,SFC_copy3_ARC_w21
151,SFC_copy3_ARC,22,2,1,22073,8673,,SFC_copy3_ARC_w22
151,SFC_copy3_ARC,23,2,1,22121,7417,,SFC_copy3_ARC_w23
151,SFC_copy3_ARC,24,2,1,22109,4593,,SFC_copy3_ARC_w24
151,SFC_copy3_ARC,25,2,0,22050,5833,,SFC_copy3_ARC_w25
151,SFC_copy3_ARC,26,2,0,22050,1473,,SFC_copy3_ARC_w26
151,SFC_copy3_ARC,27,2,1,22050,6201,,SFC_copy3_ARC_w27
151,SFC_copy3_ARC,28,2,1,22076,4825,,SFC_copy3_ARC_w28
151,SFC_copy3_ARC,29,2,1,22050,6041,,SFC_copy3_ARC_w29
151,SFC_copy3_ARC,30,2,0,22050,2441,,SFC_copy3_ARC_w30
151,SFC_copy3_ARC,31,2,0,22050,4601,,SFC_copy3_ARC_w31
151,SFC_copy3_ARC,32,2,1,22050,17481,,SFC_copy3_ARC_w32
151,SFC_copy3_ARC,33,2,1,22050,14833,,SFC_copy3_ARC_w33
151,SFC_copy3_ARC,34,2,1,22066,7057,,SFC_copy3_ARC_w34
151,SFC_copy3_ARC,35,2,1,22068,62945,,SFC_copy3_ARC_w35
151,SFC_copy3_ARC,36,2,1,22053,19905,,SFC_copy3_ARC_w36
151,SFC_copy3_ARC,37,2,1,22057,19705,,SFC_copy3_ARC_w37
151,SFC_copy3_ARC,38,2,1,22053,20953,,SFC_copy3_ARC_w38
151,SFC_copy3_ARC,39,2,1,22050,19905,,SFC_copy3_ARC_w39
151,SFC_copy3_ARC,40,2,0,22050,7449,,SFC_copy3_ARC_w40
151,SFC_copy3_ARC,41,2,0,22050,7233,,SFC_copy3_ARC_w41
151,SFC_copy3_ARC,42,2,1,22071,10337,,SFC_copy3_ARC_w42
152,result_ARC,0,2,1,22079,11937,,result_ARC_w00
152,result_ARC,1,2,1,22091,12537,,result_ARC_w01
152,result_ARC,2,2,1,22063,11697,,result_ARC_w02
152,result_ARC,3,2,0,22050,4561,,result_ARC_w03
152,result_ARC,4,2,0,22050,5233,,result_ARC_w04
152,result_ARC,5,2,1,22110,17649,,result_ARC_w05
152,result_ARC,6,2,0,22050,1593,,result_ARC_w06
152,result_ARC,7,2,0,22050,8753,,result_ARC_w07
152,result_ARC,8,2,1,22050,18449,,result_ARC_w08
152,result_ARC,9,2,0,22050,34121,,result_ARC_w09
152,result_ARC,10,2,0,22050,3681,,result_ARC_w10
152,result_ARC,11,2,0,22050,4001,,result_ARC_w11
152,result_ARC,12,2,0,22050,2889,,result_ARC_w12
152,result_ARC,13,2,0,22050,2849,,result_ARC_w13
152,result_ARC,14,2,0,22050,2849,,result_ARC_w14
152,result_ARC,15,2,0,22050,2705,,result_ARC_w15
152,result_ARC,16,2,0,22050,2769,,result_ARC_w16
152,result_ARC,17,2,0,22050,2585,,result_ARC_w17
152,result_ARC,18,2,1,22051,31617,,result_ARC_w18
152,result_ARC,19,2,1,22054,21577,,result_ARC_w19
152,result_ARC,20,2,1,22087,11073,,result_ARC_w20
152,result_ARC,21,2,1,22103,10105,,result_ARC_w21
152,result_ARC,22,2,0,22050,3089,,result_ARC_w22
152,result_ARC,23,2,0,22050,3313,,result_ARC_w23
152,result_ARC,24,2,1,22063,9937,,result_ARC_w24
152,result_ARC,25,2,1,22073,8673,,result_ARC_w25
152,result_ARC,26,2,1,22121,7417,,result_ARC_w26
152,result_ARC,27,2,1,22109,4593,,result_ARC_w27
152,result_ARC,28,2,0,22050,5833,,result_ARC_w28
152,result_ARC,29,2,0,22050,1473,,result_ARC_w29
152,result_ARC,30,2,0,22050,2441,,result_ARC_w30
152,result_ARC,31,2,0,22050,4601,,result_ARC_w31
152,result_ARC,32,2,1,22070,20209,,result_ARC_w32
152,result_ARC,33,2,1,22050,17921,,result_ARC_w33
152,result_ARC,34,2,0,22050,7449,,result_ARC_w34
152,result_ARC,35,2,0,22050,7233,,result_ARC_w35
153,edit_mode_ARC,0,2,1,22079,11937,,edit_mode_ARC_w00
153,edit_mode_ARC,1,2,1,22091,12537,,edit_mode_ARC_w01
153,edit_mode_ARC,2,2,1,22063,11697,,edit_mode_ARC_w02
153,edit_mode_ARC,3,2,0,22050,4561,,edit_mode_ARC_w03
153,edit_mode_ARC,4,2,0,22050,5233,,edit_mode_ARC_w04
153,edit_mode_ARC,5,2,1,22110,17649,,edit_mode_ARC_w05
153,edit_mode_ARC,6,2,0,22050,1593,,edit_mode_ARC_w06
153,edit_mode_ARC,7,2,0,22050,8753,,edit_mode_ARC_w07
153,edit_mode_ARC,8,2,1,22050,18449,,edit_mode_ARC_w08
153,edit_mode_ARC,9,2,0,22050,34121,,edit_mode_ARC_w09
153,edit_mode_ARC,10,2,0,22050,3681,,edit_mode_ARC_w10
153,edit_mode_ARC,11,2,0,22050,4001,,edit_mode_ARC_w11
153,edit_mode_ARC,12,2,0,22050,2889,,edit_mode_ARC_w12
153,edit_mode_ARC,13,2,0,22050,2849,,edit_mode_ARC_w13
153,edit_mode_ARC,14,2,0,22050,2849,,edit_mode_ARC_w14
153,edit_mode_ARC,15,2,0,22050,2705,,edit_mode_ARC_w15
153,edit_mode_ARC,16,2,0,22050,2769,,edit_mode_ARC_w16
153,edit_mode_ARC,17,2,0,22050,2585,,edit_mode_ARC_w17
153,edit_mode_ARC,18,2,0,22050,3089,,edit_mode_ARC_w18
153,edit_mode_ARC,19,2,0,22050,3313,,edit_mode_ARC_w19
153,edit_mode_ARC,20,2,0,22050,5833,,edit_mode_ARC_w20
153,edit_mode_ARC,21,2,0,22050,1473,,edit_mode_ARC_w21
153,edit_mode_ARC,22,2,0,22050,2441,,edit_mode_ARC_w22
153,edit_mode_ARC,23,2,0,22050,4601,,edit_mode_ARC_w23
153,edit_mode_ARC,24,2,0,22050,7449,,edit_mode_ARC_w24
153,edit_mode_ARC,25,2,0,22050,7233,,edit_mode_ARC_w25
154,event_ARC,0,2,1,22079,11937,,event_ARC_w00
154,event_ARC,1,2,1,22091,12537,,event_ARC_w01
154,event_ARC,2,2,1,22063,11697,,event_ARC_w02
154,event_ARC,3,2,1,22062,17209,,event_ARC_w03
154,event_ARC,4,2,1,22056,13857,,event_ARC_w04
154,event_ARC,5,2,0,22050,4561,,event_ARC_w05
154,event_ARC,6,2,0,22050,5233,,event_ARC_w06
154,event_ARC,7,2,1,22110,17649,,event_ARC_w07
154,event_ARC,8,2,0,22050,1593,,event_ARC_w08
154,event_ARC,9,2,0,22050,8753,,event_ARC_w09
154,event_ARC,10,2,1,22050,18449,,event_ARC_w10
154,event_ARC,11,2,0,22050,34121,,event_ARC_w11
154,event_ARC,12,2,0,22050,3681,,event_ARC_w12
154,event_ARC,13,2,0,22050,4001,,event_ARC_w13
154,event_ARC,14,2,0,22050,2889,,event_ARC_w14
154,event_ARC,15,2,0,22050,2849,,event_ARC_w15
154,event_ARC,16,2,0,22050,2849,,event_ARC_w16
154,event_ARC,17,2,0,22050,2705,,event_ARC_w17
154,event_ARC,18,2,0,22050,2769,,event_ARC_w18
154,event_ARC,19,2,0,22050,2585,,event_ARC_w19
154,event_ARC,20,2,1,22053,19529,,event_ARC_w20
154,event_ARC,21,2,1,22056,14377,,event_ARC_w21
154,event_ARC,22,2,1,22061,10785,,event_ARC_w22
154,event_ARC,23,2,1,22059,9689,,event_ARC_w23
154,event_ARC,24,2,1,22228,2665,,event_ARC_w24
154,event_ARC,25,2,1,22050,13993,,event_ARC_w25
154,event_ARC,26,2,1,22070,10297,,event_ARC_w26
154,event_ARC,27,2,0,22050,3089,,event_ARC_w27
154,event_ARC,28,2,0,22050,3313,,event_ARC_w28
154,event_ARC,29,2,1,22073,8673,,event_ARC_w29
154,event_ARC,30,2,1,22121,7417,,event_ARC_w30
154,event_ARC,31,2,1,22109,4593,,event_ARC_w31
154,event_ARC,32,2,0,22050,5833,,event_ARC_w32
154,event_ARC,33,2,0,22050,1473,,event_ARC_w33
154,event_ARC,34,2,0,22050,2441,,event_ARC_w34
154,event_ARC,35,2,0,22050,4601,,event_ARC_w35
154,event_ARC,36,2,1,22050,8161,,event_ARC_w36
154,event_ARC,37,2,1,22070,5081,,event_ARC_w37
154,event_ARC,38,2,1,22064,2777,,event_ARC_w38
154,event_ARC,39,2,1,22050,17481,,event_ARC_w39
154,event_ARC,40,2,1,22050,14833,,event_ARC_w40
154,event_ARC,41,2,1,22066,7057,,event_ARC_w41
154,event_ARC,42,2,1,22080,8473,,event_ARC_w42
154,event_ARC,43,2,1,22154,8329,,event_ARC_w43
154,event_ARC,44,2,0,22050,7449,,event_ARC_w44
154,event_ARC,45,2,0,22050,7233,,event_ARC_w45
155,stage_sine_ARC,0,2,1,22079,11937,,stage_sine_ARC_w00
155,stage_sine_ARC,1,2,1,22091,12537,,stage_sine_ARC_w01
155,stage_sine_ARC,2,2,1,22063,11697,,stage_sine_ARC_w02
155,stage_sine_ARC,3,2,0,22050,4561,,stage_sine_ARC_w03
155,stage_sine_ARC,4,2,1,22110,17649,,stage_sine_ARC_w04
155,stage_sine_ARC,5,2,0,22050,1593,,stage_sine_ARC_w05
155,stage_sine_ARC,6,2,0,22050,8753,,stage_sine_ARC_w06
155,stage_sine_ARC,7,2,0,22050,4001,,stage_sine_ARC_w07
155,stage_sine_ARC,8,2,1,22051,31617,,stage_sine_ARC_w08
155,stage_sine_ARC,9,2,1,22054,21577,,stage_sine_ARC_w09
155,stage_sine_ARC,10,2,1,22087,11073,,stage_sine_ARC_w10
155,stage_sine_ARC,11,2,1,22103,10105,,stage_sine_ARC_w11
155,stage_sine_ARC,12,2,1,22228,2665,,stage_sine_ARC_w12
155,stage_sine_ARC,13,2,0,22050,3089,,stage_sine_ARC_w13
155,stage_sine_ARC,14,2,0,22050,3313,,stage_sine_ARC_w14
155,stage_sine_ARC,15,2,1,22073,8673,,stage_sine_ARC_w15
155,stage_sine_ARC,16,2,1,22121,7417,,stage_sine_ARC_w16
155,stage_sine_ARC,17,2,1,22109,4593,,stage_sine_ARC_w17
155,stage_sine_ARC,18,2,0,22050,1473,,stage_sine_ARC_w18
155,stage_sine_ARC,19,2,0,22050,7185,,stage_sine_ARC_w19
155,stage_sine_ARC,20,2,0,22050,12233,,stage_sine_ARC_w20
155,stage_sine_ARC,21,2,0,22050,18721,,stage_sine_ARC_w21
155,stage_sine_ARC,22,2,0,22050,1785,,stage_sine_ARC_w22
155,stage_sine_ARC,23,2,0,22050,10713,,stage_sine_ARC_w23
155,stage_sine_ARC,24,2,0,22050,44209,,stage_sine_ARC_w24
155,stage_sine_ARC,25,2,1,22109,21729,,stage_sine_ARC_w25
155,stage_sine_ARC,26,2,0,22050,7289,,stage_sine_ARC_w26
155,stage_sine_ARC,27,2,0,22050,15409,,stage_sine_ARC_w27
155,stage_sine_ARC,28,2,0,22050,14801,,stage_sine_ARC_w28
155,stage_sine_ARC,29,2,0,22050,15137,,stage_sine_ARC_w29
155,stage_sine_ARC,30,2,0,22050,14313,,stage_sine_ARC_w30
155,stage_sine_ARC,31,2,0,22050,13649,,stage_sine_ARC_w31
155,stage_sine_ARC,32,2,0,22050,12897,,stage_sine_ARC_w32
155,stage_sine_ARC,33,2,0,22050,2441,,stage_sine_ARC_w33
155,stage_sine_ARC,34,2,0,22050,4601,,stage_sine_ARC_w34
155,stage_sine_ARC,35,2,1,22087,9977,,stage_sine_ARC_w35
155,stage_sine_ARC,36,2,1,22068,62945,,stage_sine_ARC_w36
155,stage_sine_ARC,37,2,0,22050,3817,,stage_sine_ARC_w37
155,stage_sine_ARC,38,2,0,22050,7449,,stage_sine_ARC_w38
155,stage_sine_ARC,39,2,0,22050,7233,,stage_sine_ARC_w39
156,today_ARC,0,2,1,22079,11937,,today_ARC_w00
156,today_ARC,1,2,1,22091,12537,,today_ARC_w01
156,today_ARC,2,2,1,22063,11697,,today_ARC_w02
156,today_ARC,3,2,0,22050,4561,,today_ARC_w03
156,today_ARC,4,2,0,22050,5233,,today_ARC_w04
156,today_ARC,5,2,1,22110,17649,,today_ARC_w05
156,today_ARC,6,2,0,22050,1593,,today_ARC_w06
156,today_ARC,7,2,0,22050,8753,,today_ARC_w07
156,today_ARC,8,2,0,22050,4001,,today_ARC_w08
156,today_ARC,9,2,1,22056,20729,,today_ARC_w09
156,today_ARC,10,2,1,22050,21689,,today_ARC_w10
156,today_ARC,11,2,1,22228,2665,,today_ARC_w11
156,today_ARC,12,2,0,22050,3089,,today_ARC_w12
156,today_ARC,13,2,0,22050,3313,,today_ARC_w13
156,today_ARC,14,2,1,22063,9937,,today_ARC_w14
156,today_ARC,15,2,1,22073,8673,,today_ARC_w15
156,today_ARC,16,2,1,22121,7417,,today_ARC_w16
156,today_ARC,17,2,1,22109,4593,,today_ARC_w17
156,today_ARC,18,2,0,22050,1473,,today_ARC_w18
156,today_ARC,19,2,0,22050,1785,,today_ARC_w19
156,today_ARC,20,2,0,22050,10713,,today_ARC_w20
156,today_ARC,21,2,1,22119,27625,,today_ARC_w21
156,today_ARC,22,2,1,22050,6201,,today_ARC_w22
156,today_ARC,23,2,1,22076,4825,,today_ARC_w23
156,today_ARC,24,2,1,22050,6041,,today_ARC_w24
156,today_ARC,25,2,1,22092,32985,,today_ARC_w25
156,today_ARC,26,2,1,22079,11825,,today_ARC_w26
156,today_ARC,27,2,1,22147,17113,,today_ARC_w27
156,today_ARC,28,2,1,22122,15113,,today_ARC_w28
156,today_ARC,29,2,1,22050,15769,,today_ARC_w29
156,today_ARC,30,2,1,22159,13921,,today_ARC_w30
156,today_ARC,31,2,1,22185,13073,,today_ARC_w31
156,today_ARC,32,2,1,22064,25433,,today_ARC_w32
156,today_ARC,33,2,1,22058,31385,,today_ARC_w33
156,today_ARC,34,2,0,22050,2441,,today_ARC_w34
156,today_ARC,35,2,0,22050,4601,,today_ARC_w35
156,today_ARC,36,2,0,22050,6001,,today_ARC_w36
156,today_ARC,37,2,0,22050,8177,,today_ARC_w37
156,today_ARC,38,2,0,22050,7449,,today_ARC_w38
156,today_ARC,39,2,0,22050,7233,,today_ARC_w39
156,today_ARC,40,2,1,22083,17377,,today_ARC_w40
156,today_ARC,41,2,1,22071,10337,,today_ARC_w41
156,today_ARC,42,2,1,22050,9097,,today_ARC_w42
156,today_ARC,43,2,1,22088,8169,,today_ARC_w43
156,today_ARC,44,2,1,22070,7289,,today_ARC_w44
157,multi_ARC,0,2,1,22079,11937,,multi_ARC_w00
157,multi_ARC,1,2,1,22091,12537,,multi_ARC_w01
157,multi_ARC,2,2,1,22063,11697,,multi_ARC_w02
157,multi_ARC,3,2,1,22059,23817,,multi_ARC_w03
157,multi_ARC,4,2,1,22061,22873,,multi_ARC_w04
157,multi_ARC,5,2,0,22050,4561,,multi_ARC_w05
157,multi_ARC,6,2,1,22110,17649,,multi_ARC_w06
157,multi_ARC,7,2,0,22050,1593,,multi_ARC_w07
157,multi_ARC,8,2,0,22050,8753,,multi_ARC_w08
157,multi_ARC,9,2,0,22050,4001,,multi_ARC_w09
157,multi_ARC,10,2,1,22228,2665,,multi_ARC_w10
157,multi_ARC,11,2,0,22050,3089,,multi_ARC_w11
157,multi_ARC,12,2,0,22050,3313,,multi_ARC_w12
157,multi_ARC,13,2,1,22073,8673,,multi_ARC_w13
157,multi_ARC,14,2,1,22121,7417,,multi_ARC_w14
157,multi_ARC,15,2,1,22109,4593,,multi_ARC_w15
157,multi_ARC,16,2,0,22050,1473,,multi_ARC_w16
157,multi_ARC,17,2,0,22050,1785,,multi_ARC_w17
157,multi_ARC,18,2,0,22050,10713,,multi_ARC_w18
157,multi_ARC,19,2,1,22119,27625,,multi_ARC_w19
157,multi_ARC,20,2,1,22092,32985,,multi_ARC_w20
157,multi_ARC,21,2,0,22050,8569,,multi_ARC_w21
157,multi_ARC,22,2,1,22079,11825,,multi_ARC_w22
157,multi_ARC,23,2,1,22147,17113,,multi_ARC_w23
157,multi_ARC,24,2,1,22122,15113,,multi_ARC_w24
157,multi_ARC,25,2,1,22050,15769,,multi_ARC_w25
157,multi_ARC,26,2,1,22159,13921,,multi_ARC_w26
157,multi_ARC,27,2,1,22185,13073,,multi_ARC_w27
157,multi_ARC,28,2,1,22064,25433,,multi_ARC_w28
157,multi_ARC,29,2,1,22058,31385,,multi_ARC_w29
157,multi_ARC,30,2,1,22060,13121,,multi_ARC_w30
157,multi_ARC,31,2,1,22050,7065,,multi_ARC_w31
157,multi_ARC,32,2,1,22126,5065,,multi_ARC_w32
157,multi_ARC,33,2,0,22050,2441,,multi_ARC_w33
157,multi_ARC,34,2,0,22050,4601,,multi_ARC_w34
157,multi_ARC,35,2,1,22122,2473,,multi_ARC_w35
157,multi_ARC,36,2,1,22058,3985,,multi_ARC_w36
157,multi_ARC,37,2,0,22050,6001,,multi_ARC_w37
157,multi_ARC,38,2,0,22050,8177,,multi_ARC_w38
157,multi_ARC,39,2,1,22070,20209,,multi_ARC_w39
157,multi_ARC,40,2,1,22050,17921,,multi_ARC_w40
157,multi_ARC,41,2,1,22063,7353,,multi_ARC_w41
157,multi_ARC,42,2,1,22086,6945,,multi_ARC_w42
157,multi_ARC,43,2,0,22050,3817,,multi_ARC_w43
157,multi_ARC,44,2,0,22050,7449,,multi_ARC_w44
157,multi_ARC,45,2,0,22050,7233,,multi_ARC_w45
158,vs_ARC,0,2,1,22079,11937,,vs_ARC_w00
158,vs_ARC,1,2,1,22091,12537,,vs_ARC_w01
158,vs_ARC,2,2,1,22063,11697,,vs_ARC_w02
158,vs_ARC,3,2,1,22059,23817,,vs_ARC_w03
158,vs_ARC,4,2,1,22061,22873,,vs_ARC_w04
158,vs_ARC,5,2,0,22050,4561,,vs_ARC_w05
158,vs_ARC,6,2,1,22110,17649,,vs_ARC_w06
158,vs_ARC,7,2,0,22050,1593,,vs_ARC_w07
158,vs_ARC,8,2,0,22050,8753,,vs_ARC_w08
158,vs_ARC,9,2,0,22050,4001,,vs_ARC_w09
158,vs_ARC,10,2,1,22126,10721,,vs_ARC_w10
158,vs_ARC,11,2,1,22060,9689,,vs_ARC_w11
158,vs_ARC,12,2,1,22228,2665,,vs_ARC_w12
158,vs_ARC,13,2,1,22093,15033,,vs_ARC_w13
158,vs_ARC,14,2,1,22082,6169,,vs_ARC_w14
158,vs_ARC,15,2,1,22050,4273,,vs_ARC_w15
158,vs_ARC,16,2,0,22050,3089,,vs_ARC_w16
158,vs_ARC,17,2,0,22050,3313,,vs_ARC_w17
158,vs_ARC,18,2,1,22073,8673,,vs_ARC_w18
158,vs_ARC,19,2,1,22121,7417,,vs_ARC_w19
158,vs_ARC,20,2,1,22109,4593,,vs_ARC_w20
158,vs_ARC,21,2,0,22050,1473,,vs_ARC_w21
158,vs_ARC,22,2,0,22050,7185,,vs_ARC_w22
158,vs_ARC,23,2,0,22050,12233,,vs_ARC_w23
158,vs_ARC,24,2,0,22050,18721,,vs_ARC_w24
158,vs_ARC,25,2,0,22050,1785,,vs_ARC_w25
158,vs_ARC,26,2,0,22050,10713,,vs_ARC_w26
158,vs_ARC,27,2,0,22050,44209,,vs_ARC_w27
158,vs_ARC,28,2,1,22109,21729,,vs_ARC_w28
158,vs_ARC,29,2,0,22050,7289,,vs_ARC_w29
158,vs_ARC,30,2,0,22050,15409,,vs_ARC_w30
158,vs_ARC,31,2,0,22050,14801,,vs_ARC_w31
158,vs_ARC,32,2,0,22050,15137,,vs_ARC_w32
158,vs_ARC,33,2,0,22050,14313,,vs_ARC_w33
158,vs_ARC,34,2,0,22050,13649,,vs_ARC_w34
158,vs_ARC,35,2,0,22050,12897,,vs_ARC_w35
158,vs_ARC,36,2,1,22056,27089,,vs_ARC_w36
158,vs_ARC,37,2,1,22052,35977,,vs_ARC_w37
158,vs_ARC,38,2,0,22050,2441,,vs_ARC_w38
158,vs_ARC,39,2,0,22050,4601,,vs_ARC_w39
158,vs_ARC,40,2,1,22050,17481,,vs_ARC_w40
158,vs_ARC,41,2,1,22050,14833,,vs_ARC_w41
158,vs_ARC,42,2,1,22066,7057,,vs_ARC_w42
158,vs_ARC,43,2,1,22062,22585,,vs_ARC_w43
158,vs_ARC,44,2,1,22065,19281,,vs_ARC_w44
158,vs_ARC,45,2,1,22063,7353,,vs_ARC_w45
158,vs_ARC,46,2,1,22086,6945,,vs_ARC_w46
158,vs_ARC,47,2,0,22050,3817,,vs_ARC_w47
158,vs_ARC,48,2,0,22050,7449,,vs_ARC_w48
158,vs_ARC,49,2,0,22050,7233,,vs_ARC_w49
159,mini_game_ARC,0,2,1,22079,11937,,mini_game_ARC_w00
159,mini_game_ARC,1,2,1,22091,12537,,mini_game_ARC_w01
159,mini_game_ARC,2,2,1,22063,11697,,mini_game_ARC_w02
159,mini_game_ARC,3,2,1,22059,23817,,mini_game_ARC_w03
159,mini_game_ARC,4,2,1,22061,22873,,mini_game_ARC_w04
159,mini_game_ARC,5,2,1,22077,11585,,mini_game_ARC_w05
159,mini_game_ARC,6,2,1,22067,9545,,mini_game_ARC_w06
159,mini_game_ARC,7,2,0,22050,4561,,mini_game_ARC_w07
159,mini_game_ARC,8,2,1,22110,17649,,mini_game_ARC_w08
159,mini_game_ARC,9,2,0,22050,1593,,mini_game_ARC_w09
159,mini_game_ARC,10,2,0,22050,8753,,mini_game_ARC_w10
159,mini_game_ARC,11,2,0,22050,4001,,mini_game_ARC_w11
159,mini_game_ARC,12,2,1,22126,10721,,mini_game_ARC_w12
159,mini_game_ARC,13,2,1,22060,9689,,mini_game_ARC_w13
159,mini_game_ARC,14,2,1,22228,2665,,mini_game_ARC_w14
159,mini_game_ARC,15,2,0,22050,3089,,mini_game_ARC_w15
159,mini_game_ARC,16,2,0,22050,3313,,mini_game_ARC_w16
159,mini_game_ARC,17,2,1,22073,8673,,mini_game_ARC_w17
159,mini_game_ARC,18,2,1,22121,7417,,mini_game_ARC_w18
159,mini_game_ARC,19,2,1,22109,4593,,mini_game_ARC_w19
159,mini_game_ARC,20,2,0,22050,1473,,mini_game_ARC_w20
159,mini_game_ARC,21,2,0,22050,1785,,mini_game_ARC_w21
159,mini_game_ARC,22,2,0,22050,10713,,mini_game_ARC_w22
159,mini_game_ARC,23,2,1,22119,27625,,mini_game_ARC_w23
159,mini_game_ARC,24,2,1,22092,32985,,mini_game_ARC_w24
159,mini_game_ARC,25,2,1,22079,11825,,mini_game_ARC_w25
159,mini_game_ARC,26,2,1,22147,17113,,mini_game_ARC_w26
159,mini_game_ARC,27,2,1,22122,15113,,mini_game_ARC_w27
159,mini_game_ARC,28,2,1,22050,15769,,mini_game_ARC_w28
159,mini_game_ARC,29,2,1,22159,13921,,mini_game_ARC_w29
159,mini_game_ARC,30,2,1,22185,13073,,mini_game_ARC_w30
159,mini_game_ARC,31,2,0,22050,2441,,mini_game_ARC_w31
159,mini_game_ARC,32,2,0,22050,4601,,mini_game_ARC_w32
159,mini_game_ARC,33,2,1,22050,8161,,mini_game_ARC_w33
159,mini_game_ARC,34,2,1,22070,5081,,mini_game_ARC_w34
159,mini_game_ARC,35,2,1,22064,2777,,mini_game_ARC_w35
159,mini_game_ARC,36,2,1,22080,8473,,mini_game_ARC_w36
159,mini_game_ARC,37,2,1,22154,8329,,mini_game_ARC_w37
159,mini_game_ARC,38,2,1,22055,18081,,mini_game_ARC_w38
159,mini_game_ARC,39,2,1,22060,16593,,mini_game_ARC_w39
159,mini_game_ARC,40,2,1,22066,20841,,mini_game_ARC_w40
159,mini_game_ARC,41,2,1,22086,24793,,mini_game_ARC_w41
159,mini_game_ARC,42,2,1,22122,2473,,mini_game_ARC_w42
159,mini_game_ARC,43,2,1,22058,3985,,mini_game_ARC_w43
159,mini_game_ARC,44,2,0,22050,6001,,mini_game_ARC_w44
159,mini_game_ARC,45,2,0,22050,8177,,mini_game_ARC_w45
159,mini_game_ARC,46,2,1,22063,7353,,mini_game_ARC_w46
159,mini_game_ARC,47,2,1,22086,6945,,mini_game_ARC_w47
159,mini_game_ARC,48,2,0,22050,7449,,mini_game_ARC_w48
159,mini_game_ARC,49,2,0,22050,7233,,mini_game_ARC_w49
159,mini_game_ARC,50,2,0,22050,10121,,mini_game_ARC_w50
159,mini_game_ARC,51,2,0,22050,3409,,mini_game_ARC_w51
160,complete_jingle_ARC,0,2,1,22228,2665,,complete_jingle_ARC_w00
160,complete_jingle_ARC,1,2,1,22073,8673,,complete_jingle_ARC_w01
160,complete_jingle_ARC,2,2,1,22121,7417,,complete_jingle_ARC_w02
160,complete_jingle_ARC,3,2,1,22109,4593,,complete_jingle_ARC_w03
